Question,Context,Show Confidence Score,Answer,Context with Highlighted Answer,timestamp
What is the capital of France?,"Paris is the capital and most populous city of France. Situated on the Seine River, 
        in the north of the country, it is in the centre of the ÃŽle-de-France region. The city 
        has an area of 105 square kilometers and a population of 2,206,488 inhabitants.",true,,,2025-11-24 19:25:23.197314
What is the Amazon rainforest?,"The Amazon rainforest, also known as Amazonia, is a moist broadleaf tropical rainforest 
        in the Amazon biome that covers most of the Amazon basin of South America. This basin 
        encompasses 7,000,000 square kilometers, of which 5,500,000 square kilometers are covered 
        by the rainforest. The majority of the forest is contained within Brazil, with 60% of the 
        rainforest, followed by Peru with 13%, Colombia with 10%, and with minor amounts in Venezuela, 
        Ecuador, Bolivia, Guyana, Suriname, and French Guiana.",true,"**Answer:** 10%, and with minor

**Confidence:** 37.6%","The Amazon rainforest, also known as Amazonia, is a moist broadleaf tropical rainforest 
        in the Amazon biome that covers most of the Amazon basin of South America. This basin 
        encompasses 7,000,000 square kilometers, of which 5,500,000 square kilometers are covered 
        by the rainforest. The majority of the forest is contained within Brazil, with 60% of the 
        rainforest, followed by Peru with 13%, Colombia with **10%, and with minor** amounts in Venezuela, 
        Ecuador, Bolivia, Guyana, Suriname, and French Guiana.",2025-11-24 19:26:37.695546
